{
  "total_premium": 4188201163.5199995,
  "total_losses": 2362171641.9500003,
  "avg_loss_ratio": 24926.56948196698,
  "avg_retention_ratio": 60928.40601893832,
  "unique_agencies": 1623,
  "unique_states": 6,
  "unique_products": 2
}